{
    "35": -0.3905364804545106,
    "30": -0.36219831191514384,
    "25": -0.2171104131074959,
    "45": 0.12074231523923198,
    "20": 0.14411881816993755,
    "40": 0.16749532110064314,
    "55": 0.27469090614210345,
    "50": 0.2803672614742691,
    "60": 0.3418813664167584
}