{
    "MZ ": -1.1668437519521144,
    "AN ": -0.8278683851127832,
    "JK ": -0.6796586628256918,
    "MN ": -0.6300426417828636,
    "HP ": -0.5559346696291413,
    "BR ": -0.48388474729235936,
    "CG ": -0.461775900429858,
    "OR ": -0.4463234607222707,
    "TR ": -0.40260064970843906,
    "AR ": -0.35786475586704786,
    "PY ": -0.2923501487564197,
    "JH ": -0.20486681391959594,
    "AS ": -0.14099081756643347,
    "MP ": -0.12060561364555582,
    "AP ": -0.11294232887402875,
    "WB ": -0.1084064092055317,
    "UP ": -0.10172485086397329,
    "NL ": -0.10172485086397329,
    "UK ": -0.0867619502774938,
    "TN ": -0.08466238034095747,
    "RJ ": -0.07166546322458317,
    "PB ": -0.004058506032794042,
    "GA ": 0.05825764671510376,
    "MH ": 0.07837201090787037,
    "GJ ": 0.14960922081437553,
    "KA ": 0.15818002637915088,
    "HR ": 0.17656804948539692,
    "DL ": 0.24387293322349538,
    "KL ": 0.24516172015641127,
    "SK ": 0.24542609557103615,
    "CH ": 0.29543651614569694,
    "DD ": 0.38852693921171083,
    "DN ": 1.4570617726425428,
    "ML ": 1.4722135776631413
}